Board,Algorithm,Board states,Time,Beam Width,Moves
1,bf,711,0.06556129455566406,-,21
2,bf,3210,0.3799560070037842,-,15
3,bf,8609,1.3722941875457764,-,33
