Board,Algorithm,Board States,Time,Moves
4,bf,350691,121.18150091171265,27
1,bf,711,0.07495284080505371,21
2,bf,3088,0.35246896743774414,15
3,bf,8597,1.320702314376831,33
5,bf,19311514,24561.401262044907,22
